{"qq": [[0.2041015625, 0.0341796875, 0.048828125, 0.0234375, 0.02734375, 0.0068359375, 0.015625, 0.0166015625, 0.0361328125, 0.0810546875, 0.0341796875, 0.01171875, 0.015625, 0.0078125, 0.0166015625, 0.0263671875, 0.021484375, 0.052734375, 0.0458984375, 0.02734375, 0.0048828125, 0.0224609375, 0.0341796875, 0.021484375, 0.029296875, 0.0302734375, 0.01171875, 0.01953125, 0.01171875, 0.0185546875, 0.0302734375, 0.01171875]], "cc": [[0.08128799999999999, 0.017561, 0.06397699999999998, 0.010804, 0.060980000000000006, 0.05061800000000001, 0.035428, 0.021905000000000004, 0.022018000000000003, 0.026639999999999997, 0.04447399999999999, 0.014677, 0.0038739999999999994, 0.016776, 0.039459999999999995, 0.067717, 0.03350499999999999, 0.030121999999999993, 0.025160000000000005, 0.014717, 0.03252999999999999, 0.024607999999999994, 0.017426000000000007, 0.03135399999999999, 0.03505, 0.045432999999999994, 0.015412999999999998, 0.013832999999999998, 0.015973, 0.014212999999999998, 0.068868, 0.004177000000000001]], "qc": [[0.072265625, 0.044921875, 0.02734375, 0.015625, 0.0234375, 0.0029296875, 0.013671875, 0.033203125, 0.08984375, 0.09375, 0.03515625, 0.0029296875, 0.0029296875, 0.00390625, 0.0283203125, 0.06640625, 0.0029296875, 0.009765625, 0.0439453125, 0.0302734375, 0.0029296875, 0.0068359375, 0.0595703125, 0.0009765625, 0.064453125, 0.0478515625, 0.0205078125, 0.0009765625, 0.02734375, 0.037109375, 0.0869140625, 0.0009765625]]}