{"qq": [[0.0546875, 0.0302734375, 0.091796875, 0.021484375, 0.072265625, 0.044921875, 0.017578125, 0.0263671875, 0.0283203125, 0.03125, 0.041015625, 0.0341796875, 0.037109375, 0.0166015625, 0.0107421875, 0.0263671875, 0.01953125, 0.0205078125, 0.044921875, 0.04296875, 0.04296875, 0.025390625, 0.033203125, 0.0205078125, 0.0107421875, 0.02734375, 0.0322265625, 0.0185546875, 0.0302734375, 0.0166015625, 0.017578125, 0.01171875]], "cc": [[0.0032, 0.011441, 0.030537000000000005, 0.06192499999999999, 0.060112, 0.036185, 0.004449999999999999, 0.01345, 0.029644999999999998, 0.027229000000000003, 0.032905, 0.038125, 0.023125000000000003, 0.03262499999999999, 0.016153000000000004, 0.017837000000000002, 0.007442, 0.0047929999999999995, 0.057425000000000004, 0.045013000000000004, 0.066137, 0.037832, 0.023473000000000004, 0.0313, 0.027468999999999997, 0.065305, 0.030633999999999998, 0.028114000000000004, 0.019210000000000005, 0.037649, 0.011137999999999997, 0.067493]], "qc": [[0.0048828125, 0.001953125, 0.021484375, 0.001953125, 0.072265625, 0.0712890625, 0.0009765625, 0.009765625, 0.0322265625, 0.0625, 0.04296875, 0.0078125, 0.0322265625, 0.0009765625, 0.0, 0.0048828125, 0.0, 0.01171875, 0.0478515625, 0.029296875, 0.1044921875, 0.041015625, 0.0439453125, 0.025390625, 0.0, 0.0576171875, 0.056640625, 0.0576171875, 0.0576171875, 0.0068359375, 0.0244140625, 0.0673828125]]}