{"qq": [[0.435546875, 0.4150390625, 0.078125, 0.0712890625], [0.0234375, 0.2412109375, 0.0234375, 0.236328125, 0.07421875, 0.0283203125, 0.341796875, 0.03125], [0.2294921875, 0.2060546875, 0.1953125, 0.1669921875, 0.0380859375, 0.0341796875, 0.037109375, 0.0263671875, 0.01953125, 0.0126953125, 0.01171875, 0.0166015625, 0.0029296875, 0.0009765625, 0.0009765625, 0.0009765625], [0.1787109375, 0.1015625, 0.1591796875, 0.109375, 0.0029296875, 0.0048828125, 0.0078125, 0.001953125, 0.1259765625, 0.0712890625, 0.10546875, 0.0810546875, 0.005859375, 0.0009765625, 0.00390625, 0.0, 0.005859375, 0.00390625, 0.0087890625, 0.001953125, 0.0, 0.0, 0.0009765625, 0.0009765625, 0.00390625, 0.0048828125, 0.0048828125, 0.0029296875, 0.0, 0.0, 0.0, 0.0]], "cc": [[0.4345703125, 0.46484375, 0.05078125, 0.0498046875], [0.0, 0.189453125, 0.017578125, 0.3212890625, 0.0302734375, 0.021484375, 0.4052734375, 0.0146484375], [0.009765625, 0.0302734375, 0.0205078125, 0.076171875, 0.072265625, 0.1259765625, 0.1376953125, 0.126953125, 0.0703125, 0.015625, 0.0068359375, 0.0732421875, 0.1103515625, 0.029296875, 0.048828125, 0.0458984375], [0.0, 0.0224609375, 0.0615234375, 0.017578125, 0.0029296875, 0.0576171875, 0.07421875, 0.041015625, 0.009765625, 0.0712890625, 0.0029296875, 0.0, 0.029296875, 0.0361328125, 0.0458984375, 0.052734375, 0.060546875, 0.0087890625, 0.0556640625, 0.072265625, 0.0087890625, 0.078125, 0.005859375, 0.0126953125, 0.0224609375, 0.03125, 0.0185546875, 0.009765625, 0.01953125, 0.0048828125, 0.0126953125, 0.052734375]], "qc": [[0.4345703125, 0.46484375, 0.05078125, 0.0498046875], [0.0, 0.189453125, 0.017578125, 0.3212890625, 0.0302734375, 0.021484375, 0.4052734375, 0.0146484375], [0.009765625, 0.0302734375, 0.0205078125, 0.076171875, 0.072265625, 0.1259765625, 0.1376953125, 0.126953125, 0.0703125, 0.015625, 0.0068359375, 0.0732421875, 0.1103515625, 0.029296875, 0.048828125, 0.0458984375], [0.0, 0.0224609375, 0.0615234375, 0.017578125, 0.0029296875, 0.0576171875, 0.07421875, 0.041015625, 0.009765625, 0.0712890625, 0.0029296875, 0.0, 0.029296875, 0.0361328125, 0.0458984375, 0.052734375, 0.060546875, 0.0087890625, 0.0556640625, 0.072265625, 0.0087890625, 0.078125, 0.005859375, 0.0126953125, 0.0224609375, 0.03125, 0.0185546875, 0.009765625, 0.01953125, 0.0048828125, 0.0126953125, 0.052734375]]}