{"qq": [[0.2373046875, 0.0771484375, 0.015625, 0.037109375, 0.0283203125, 0.04296875, 0.0234375, 0.013671875, 0.017578125, 0.0576171875, 0.03515625, 0.0126953125, 0.0302734375, 0.0322265625, 0.0185546875, 0.0283203125, 0.01953125, 0.0390625, 0.0146484375, 0.0380859375, 0.0146484375, 0.0146484375, 0.009765625, 0.0458984375, 0.00390625, 0.0146484375, 0.0068359375, 0.017578125, 0.0205078125, 0.0146484375, 0.0048828125, 0.0126953125]], "cc": [[0.0458984375, 0.103515625, 0.0, 0.052734375, 0.0625, 0.041015625, 0.001953125, 0.0068359375, 0.0, 0.0771484375, 0.0859375, 0.00390625, 0.08984375, 0.037109375, 0.06640625, 0.015625, 0.001953125, 0.0068359375, 0.03125, 0.095703125, 0.0302734375, 0.0048828125, 0.0029296875, 0.0390625, 0.0009765625, 0.017578125, 0.0, 0.0, 0.0234375, 0.01171875, 0.01171875, 0.03125]], "qc": [[0.0458984375, 0.103515625, 0.0, 0.052734375, 0.0625, 0.041015625, 0.001953125, 0.0068359375, 0.0, 0.0771484375, 0.0859375, 0.00390625, 0.08984375, 0.037109375, 0.06640625, 0.015625, 0.001953125, 0.0068359375, 0.03125, 0.095703125, 0.0302734375, 0.0048828125, 0.0029296875, 0.0390625, 0.0009765625, 0.017578125, 0.0, 0.0, 0.0234375, 0.01171875, 0.01171875, 0.03125]]}