{"qq": [[0.306640625, 0.6015625, 0.0234375, 0.068359375], [0.23828125, 0.03515625, 0.056640625, 0.13671875, 0.1171875, 0.2001953125, 0.1533203125, 0.0625], [0.287109375, 0.234375, 0.2275390625, 0.21875, 0.0, 0.0048828125, 0.0009765625, 0.0068359375, 0.0078125, 0.001953125, 0.005859375, 0.0029296875, 0.0, 0.0, 0.0009765625, 0.0], [0.1474609375, 0.14453125, 0.15625, 0.1611328125, 0.0087890625, 0.00390625, 0.005859375, 0.005859375, 0.0732421875, 0.0712890625, 0.1005859375, 0.0849609375, 0.00390625, 0.0029296875, 0.0068359375, 0.001953125, 0.0029296875, 0.001953125, 0.005859375, 0.0029296875, 0.0, 0.0, 0.0, 0.0, 0.0029296875, 0.0009765625, 0.001953125, 0.0009765625, 0.0, 0.0, 0.0, 0.0]], "qc": [[0.294921875, 0.6396484375, 0.0029296875, 0.0625], [0.150390625, 0.0, 0.0, 0.2412109375, 0.0869140625, 0.236328125, 0.2548828125, 0.0302734375], [0.0146484375, 0.0224609375, 0.0341796875, 0.0771484375, 0.0087890625, 0.0703125, 0.0927734375, 0.0625, 0.12890625, 0.0517578125, 0.0498046875, 0.103515625, 0.0849609375, 0.0439453125, 0.0400390625, 0.1142578125], [0.07421875, 0.0546875, 0.017578125, 0.041015625, 0.013671875, 0.0322265625, 0.0048828125, 0.04296875, 0.0341796875, 0.0068359375, 0.05078125, 0.072265625, 0.0166015625, 0.0078125, 0.0078125, 0.029296875, 0.0732421875, 0.0283203125, 0.0673828125, 0.0126953125, 0.0107421875, 0.02734375, 0.0048828125, 0.0166015625, 0.0615234375, 0.00390625, 0.0341796875, 0.029296875, 0.025390625, 0.03125, 0.0478515625, 0.0185546875]], "cc": [[0.294921875, 0.6396484375, 0.0029296875, 0.0625], [0.150390625, 0.0, 0.0, 0.2412109375, 0.0869140625, 0.236328125, 0.2548828125, 0.0302734375], [0.0146484375, 0.0224609375, 0.0341796875, 0.0771484375, 0.0087890625, 0.0703125, 0.0927734375, 0.0625, 0.12890625, 0.0517578125, 0.0498046875, 0.103515625, 0.0849609375, 0.0439453125, 0.0400390625, 0.1142578125], [0.07421875, 0.0546875, 0.017578125, 0.041015625, 0.013671875, 0.0322265625, 0.0048828125, 0.04296875, 0.0341796875, 0.0068359375, 0.05078125, 0.072265625, 0.0166015625, 0.0078125, 0.0078125, 0.029296875, 0.0732421875, 0.0283203125, 0.0673828125, 0.0126953125, 0.0107421875, 0.02734375, 0.0048828125, 0.0166015625, 0.0615234375, 0.00390625, 0.0341796875, 0.029296875, 0.025390625, 0.03125, 0.0478515625, 0.0185546875]]}