{"qq": [[0.1376953125, 0.046875, 0.017578125, 0.0390625, 0.0166015625, 0.025390625, 0.0068359375, 0.01953125, 0.0263671875, 0.0458984375, 0.0322265625, 0.013671875, 0.041015625, 0.037109375, 0.021484375, 0.0087890625, 0.0546875, 0.0693359375, 0.0458984375, 0.0126953125, 0.01953125, 0.013671875, 0.017578125, 0.0107421875, 0.025390625, 0.0517578125, 0.03515625, 0.0078125, 0.033203125, 0.0322265625, 0.025390625, 0.0087890625]], "cc": [[0.030208999999999996, 0.018785, 0.020644, 0.05724199999999999, 0.011141000000000002, 0.032264, 0.010250000000000002, 0.052733, 0.022321999999999995, 0.017576000000000005, 0.025825, 0.015354, 0.058313, 0.044812999999999985, 0.048548, 0.051530000000000006, 0.014521999999999997, 0.018369000000000003, 0.03378600000000001, 0.015021000000000001, 0.03322399999999999, 0.042538000000000006, 0.041641000000000004, 0.037837, 0.028515999999999996, 0.029362000000000006, 0.049370000000000004, 0.029647999999999997, 0.0212, 0.03145, 0.05412200000000001, 0.002353]], "qc": [[0.0341796875, 0.0029296875, 0.0048828125, 0.0458984375, 0.0234375, 0.0390625, 0.0185546875, 0.03515625, 0.0078125, 0.015625, 0.03125, 0.0009765625, 0.0546875, 0.0791015625, 0.0380859375, 0.01953125, 0.05078125, 0.033203125, 0.048828125, 0.005859375, 0.0185546875, 0.00390625, 0.03515625, 0.013671875, 0.0087890625, 0.06640625, 0.048828125, 0.02734375, 0.0556640625, 0.0634765625, 0.064453125, 0.00390625]]}