{"qq": [[0.2626953125, 0.0283203125, 0.0390625, 0.01953125, 0.0458984375, 0.0634765625, 0.041015625, 0.01171875, 0.048828125, 0.0283203125, 0.0146484375, 0.0107421875, 0.0185546875, 0.0224609375, 0.0126953125, 0.00390625, 0.0517578125, 0.0390625, 0.0185546875, 0.0126953125, 0.021484375, 0.0341796875, 0.0068359375, 0.0146484375, 0.0205078125, 0.0302734375, 0.0185546875, 0.013671875, 0.0205078125, 0.0078125, 0.005859375, 0.01171875]], "cc": [[0.067493, 0.056052000000000005, 0.053573, 0.030805000000000003, 0.040729, 0.038233, 0.029012, 0.05004500000000001, 0.054212, 0.036338, 0.036941, 0.024713999999999996, 0.021220999999999997, 0.010589000000000001, 0.018361999999999996, 0.021737, 0.055658, 0.012321, 0.021505999999999997, 0.010064000000000002, 0.022945, 0.011049999999999999, 0.038175999999999995, 0.014785000000000001, 0.06250900000000001, 0.024713000000000002, 0.03649000000000001, 0.018397, 0.029690000000000005, 0.024373, 0.0026889999999999996, 0.024244999999999996]], "qc": [[0.0859375, 0.0654296875, 0.033203125, 0.0, 0.0556640625, 0.0498046875, 0.04296875, 0.0078125, 0.025390625, 0.005859375, 0.013671875, 0.0009765625, 0.01953125, 0.0283203125, 0.0400390625, 0.0107421875, 0.0517578125, 0.0400390625, 0.0556640625, 0.0, 0.03515625, 0.0615234375, 0.009765625, 0.025390625, 0.0341796875, 0.0517578125, 0.03515625, 0.05078125, 0.0390625, 0.0, 0.0, 0.0244140625]]}